Links,Price,Address,Rooms
https://rostov.cian.ru/rent/flat/320432339/,35 000 ₽/мес.,,"Хороший район, отличный ремонт"
https://rostov.cian.ru/rent/flat/321293457/,38 000 ₽/мес.,,ДГТУ 7 минут пешком
https://rostov.cian.ru/rent/flat/320734981/,16 000 ₽/мес.,,"1-комн. квартира, 28 м², 1/2 этаж"
https://rostov.cian.ru/rent/flat/321291748/,38 000 ₽/мес.,,Дгту в 10 минутах ходьбы
https://rostov.cian.ru/rent/flat/321294406/,30 000 ₽/мес.,,Квартира для пары
https://rostov.cian.ru/rent/flat/319087279/,15 000 ₽/мес.,,"Студия, 17 м², 1/3 этаж"
https://rostov.cian.ru/rent/flat/321291373/,38 000 ₽/мес.,,Центр вид на ипподром
https://rostov.cian.ru/rent/flat/320432340/,40 500 ₽/мес.,,Впервые и без депозита!
https://rostov.cian.ru/rent/flat/321078965/,12 000 ₽/мес.,,"1-комн. квартира, 22 м², 7/9 этаж"
https://rostov.cian.ru/rent/flat/321139262/,39 400 ₽/мес.,,Отличная инфраструктура!
https://rostov.cian.ru/rent/flat/321454047/,63 500 ₽/мес.,,Впервые и без депозита!
https://rostov.cian.ru/rent/flat/321068258/,18 000 ₽/мес.,,"1-комн. квартира, 25 м², 2/3 этаж"
https://rostov.cian.ru/rent/flat/321071585/,53 100 ₽/мес.,,Без депозита! Отличный район
https://rostov.cian.ru/rent/flat/316638147/,30 000 ₽/мес.,,сдается 1 комнатная квартира
https://rostov.cian.ru/rent/flat/299024884/,18 000 ₽/мес.,,"1-комн. квартира, 18 м², 5/5 этаж"
https://rostov.cian.ru/rent/flat/317200303/,35 000 ₽/мес.,,"Студия, 33 м², 11/20 этаж"
https://rostov.cian.ru/rent/flat/305716628/,33 000 ₽/мес.,,"1-комн. квартира, 35 м², 3/20 этаж"
https://rostov.cian.ru/rent/flat/319733163/,17 000 ₽/мес.,,"1-комн. квартира, 23 м², 5/5 этаж"
https://rostov.cian.ru/rent/flat/320726506/,32 000 ₽/мес.,,"1-комн. квартира, 42 м², 18/25 этаж"
https://rostov.cian.ru/rent/flat/312554829/,35 000 ₽/мес.,,"1-комн. квартира, 41 м², 2/4 этаж"
https://rostov.cian.ru/rent/flat/318587093/,15 000 ₽/мес.,,"Студия, 28 м², 6/18 этаж"
https://rostov.cian.ru/rent/flat/321485115/,95 000 ₽/мес.,,Просторная!
https://rostov.cian.ru/rent/flat/320833554/,40 000 ₽/мес.,,"1-комн. квартира, 50 м², 8/26 этаж"
https://rostov.cian.ru/rent/flat/319762173/,18 000 ₽/мес.,,"2-комн. квартира, 35 м², 6/10 этаж"
https://rostov.cian.ru/rent/flat/320178010/,40 000 ₽/мес.,,"1-комн. квартира, 44 м², 4/20 этаж"
https://rostov.cian.ru/rent/flat/312554831/,45 000 ₽/мес.,,"2-комн. квартира, 45 м², 1/4 этаж"
https://rostov.cian.ru/rent/flat/320871442/,25 000 ₽/мес.,,"1-комн. квартира, 45 м², -1/2 этаж"
https://rostov.cian.ru/rent/flat/318220077/,137 000 ₽/мес.,,"Студия, 58 м², 16/16 этаж"
